{
  "parametri": {
    "PAS_sistolica_mmHg": 5,
    "PAD_diastolica_mmHg": 5,
    "FC_bpm": 4,
    "peso_pre_kg": 10,
    "peso_post_kg": 10,
    "delta_kg": 6,
    "UF_tot_L": 6,
    "UF_ml_h_kg": 4,
    "flusso_fistola_ml_min": 40,
    "QB_tot_ml_min": 8,
    "pressione_venosa_mmHg": 20,
    "pressione_arteriosa_accesso_mmHg": 10,
    "resistenza_vascolare_indice": 8,
    "recircolazione_percent": 8,
    "microclo_percent": 5,
    "arteria_mmHg": 5,
    "vena_mmHg": 5,
    "tempo_emostasi_min": 6,
    "infiltrazioni_ematomi_num": 5,
    "segnali_clinici_locali": 3,
    "bruit": 2,
    "minuti_dialisi": 2,
    "ago_art_G": 2,
    "ago_ven_G": 2,
    "scoro_FAV": 15,
    "score_CVC": 1,
    "ore_dialisi": 2,
    "FAV": 0,
    "vascular_access_type": 0
  },
  "meta": {
    "normalized": {
      "PAS_sistolica_mmHg": 0.02512562814070352,
      "PAD_diastolica_mmHg": 0.02512562814070352,
      "FC_bpm": 0.020100502512562814,
      "peso_pre_kg": 0.05025125628140704,
      "peso_post_kg": 0.05025125628140704,
      "delta_kg": 0.03015075376884422,
      "UF_tot_L": 0.03015075376884422,
      "UF_ml_h_kg": 0.020100502512562814,
      "flusso_fistola_ml_min": 0.20100502512562815,
      "QB_tot_ml_min": 0.04020100502512563,
      "pressione_venosa_mmHg": 0.10050251256281408,
      "pressione_arteriosa_accesso_mmHg": 0.05025125628140704,
      "resistenza_vascolare_indice": 0.04020100502512563,
      "recircolazione_percent": 0.04020100502512563,
      "microclo_percent": 0.02512562814070352,
      "arteria_mmHg": 0.02512562814070352,
      "vena_mmHg": 0.02512562814070352,
      "tempo_emostasi_min": 0.03015075376884422,
      "infiltrazioni_ematomi_num": 0.02512562814070352,
      "segnali_clinici_locali": 0.01507537688442211,
      "bruit": 0.010050251256281407,
      "minuti_dialisi": 0.010050251256281407,
      "ago_art_G": 0.010050251256281407,
      "ago_ven_G": 0.010050251256281407,
      "scoro_FAV": 0.07537688442211055,
      "score_CVC": 0.005025125628140704,
      "ore_dialisi": 0.010050251256281407,
      "FAV": 0.0,
      "vascular_access_type": 0.0
    },
    "sum": 199,
    "note": "Pesi normalizzati in meta.normalized; chiavi extra aggiunte per allineamento schema."
  }
}